Metric,Coefficient,Intercept,R-squared,P-value
Serious Mental Illness 26+ (%),1.3441547084264538,-0.3885993141957922,0.07987328654823689,0.04449095304411313
Thoughts of Suicide 26+ (%),1.6360612890252064,0.2805351762777759,0.06556900147521183,0.06972362676104309
Major Depressive Episode 26+ (%),0.6216323578314018,2.0797916458649626,0.03303254807160272,0.2018040425823955
